code,name
1,"Activo"
11,"Efectivo y equivalentes de efectivo"
1105,"Caja"
110505,"Caja general"
110510,"Cajas menores"
110515,"Moneda extranjera"
1110,"Bancos"
111005,"Moneda nacional"
111010,"Moneda extranjera"
1115,"Remesas en transito"
111505,"Moneda nacional"
111510,"Moneda extranjera"
1120,"Cuentas de ahorro"
112005,"Bancos"
112010,"Corporaciones de ahorro y vivienda"
112015,"Organismos cooperativos financieros"
1125,"Fondos"
112505,"Rotatorios moneda nacional"
112510,"Rotatorios moneda extranjera"
112515,"Especiales moneda nacional"
112520,"Especiales moneda extranjera"
112525,"De amortizacion moneda nacional"
112530,"De amortizacion moneda extranjera"
12,"Inversiones"
1205,"Acciones"
120505,"Agricultura, ganaderia, caza y silvicultura"
120510,"Pesca"
120515,"Explotacion de minas y canteras"
120520,"Industria manufacturera"
120525,"Suministro de electricidad, gas y agua"
120530,"Construccion"
120535,"Comercio al por mayor y al por menor"
120540,"Hoteles y restaurantes"
120545,"Transporte, almacenamiento y comunicaciones"
120550,"Actividad financiera"
120555,"Actividades inmobiliarias, empresariales y de alquiler"
120560,"Enseñanza"
120565,"Servicios sociales y de salud"
120570,"Otras actividades de servicios comunitarios, sociales"
120599,"Ajustes por inflacion"
1210,"Cuotas o partes de interes social"
121005,"Agricultura, ganaderia, caza y silvicultura"
121010,"Pesca"
121015,"Explotacion de minas y canteras"
121020,"Industria manufacturera"
121025,"Suministro de electricidad, gas y agua"
121030,"Construcción"
121035,"Comercio al por mayor y al por menor"
121040,"Hoteles y restaurantes"
121045,"Transporte, almacenamiento y comunicaciones"
121050,"Actividad financiera"
121055,"Actividades inmobiliarias, empresariales y de alquiler"
121060,"Enseñanza"
121065,"Servicios sociales y de salud"
121070,"Otras actividades de servicios comunitarios, sociales y personales"
121099,"Ajustes por inflación"
1215,"Bonos"
121505,"Bonos publicos moneda nacional"
121510,"Bonos publicos moneda extranjera"
121515,"Bonos ordinarios"
121520,"Bonos convertibles en acciones"
121595,"Otros"
1220,"Cédulas"
122005,"Cédulas de capitalizacion"
122010,"Cédulas hipotecarias"
122015,"Cédulas de inversion"
122095,"Otras"
1225,"Certificados"
122505,"Certificados de depósito a término(C.D.T.)"
122510,"Certificados de depósito de ahorro"
122515,"Certificados de ahorro de valor constante (C.A.V.C.)"
122520,"Certificados de cambio"
122525,"Certificados cafeteros valorizables"
122530,"Certificados electricos valorizables (C.E.V.)"
122535,"Certificados de reembolso tributario (C.E.R.T.)"
122540,"Certificados de desarrollo turístico"
122545,"Certificados de inversión forestal (C.I.F.)"
122595,"Otros"
1230,"Papeles comerciales"
123005,"Empresas comerciales"
123010,"Empresas industriales"
123015,"Empresas de servicios"
1235,"Títulos"
123505,"Títulos de desarrollo agropecuario"
123510,"Títulos canjeables por certificados de cambio"
123515,"Títulos de tesorería  (T.E.S.)"
123520,"Títulos de participación"
123525,"Títulos de crédito de fomento"
123530,"Títulos financieros agroindustriales (T.F.A.)"
123535,"Títulos de ahorro cafetero (T.A.C.)"
123540,"Títulos de ahorro nacional (T.A.N.)"
123545,"Títulos energéticos de rentabilidad creciente (T.E.R.)"
123550,"Títulos de ahorro educativo (T.A.E.)"
123555,"TÍtulos financieros industriales y comerciales"
123560,"Tesoros"
123565,"Títulos de devolución de impuestos nacionales (TIDIS)"
123570,"Títulos inmobiliarios"
123595,"Otros"
1240,"Aceptaciones bancarias o financieras"
124005,"Bancos comerciales"
124010,"Compañías de financiamiento comercial"
124015,"Corporaciones financieras"
124095,"Otras"
1245,"Derechos fiduciarios"
124505,"Fideicomisos de inversión moneda nacional"
124510,"Fideicomisos de inversión moneda extranjera"
1250,"Derechos de recompra de inversiones negociadas (repos)"
125005,"Acciones"
125010,"Cuotas o partes de interés social"
125015,"Bonos"
125020,"Cédulas"
125025,"Certificados"
125030,"Papeles comerciales"
125035,"Títulos"
125040,"Aceptaciones bancarias o financieras"
125095,"Otros"
125099,"Ajustes por inflación"
1255,"Obligatorias"
125505,"Bonos de financiamiento especial"
125510,"Bonos de financiamiento presupuestal"
125515,"Bonos para desarrollo social y seguridad interna (B.D.S.I.)"
125595,"Otras"
1260,"Cuentas en participación"
126099,"Ajustes por inflacion"
1295,"Otras inversiones"
129505,"Aportes en cooperativas"
129510,"Derechos en clubes sociales"
129515,"Acciones o derechos en clubes deportivos"
129520,"Bonos en colegios"
129595,"Diversas"
129599,"Ajustes por inflación"
1299,"Provisiones"
129905,"Acciones"
129910,"Cuotas o partes de interes social"
129915,"Bonos"
129920,"Cédulas"
129925,"Certificados"
129930,"Papeles comerciales"
129935,"Títulos"
129940,"Aceptaciones bancarias o financieras"
129945,"Derechos fiduciarios"
129950,"Derechos de recompra de inversiones negociadas"
129955,"Obligatorias"
129960,"Cuentas en participación"
129995,"Otras inversiones"
13,"Deudores"
1305,"Clientes"
130505,"Nacionales"
130510,"Del exterior"
130515,"Deudores del sistema"
1310,"Cuentas corrientes comerciales"
131005,"Casa matriz"
131010,"Compañías vinculadas"
131015,"Accionistas o socios"
131020,"Particulares"
131095,"Otras"
1315,"Cuentas por cobrar a casa matriz"
131505,"Ventas"
131510,"Pagos a nombre de casa matriz"
131515,"Valores recibidos por casa matriz"
131520,"Préstamos"
1320,"Cuentas por cobrar a vinculados económicos"
132005,"Filiales"
132010,"Subsidiarias"
132015,"Sucursales"
1325,"Cuentas por cobrar a socios y accionistas"
132505,"A socios"
132510,"A accionistas"
1328,"Aportes por cobrar"
1330,"Anticipos y avances"
133005,"A proveedores"
133010,"A contratistas"
133015,"A trabajadores"
133020,"A agentes"
133025,"A concesionarios"
133030,"De adjudicaciones"
133095,"Otros"
1332,"Cuentas de operacion conjunta"
1335,"Depósitos"
133505,"Para importaciones"
133510,"Para servicios"
133515,"Para contratos"
133520,"Para responsabilidades"
133525,"Para juicios ejecutivos"
133530,"Para adquisicion de acciones, cuotas o derechos"
133535,"En garantía"
133595,"Otros"
1340,"Promesas de compra venta"
134005,"De bienes raíces"
134010,"De maquinaria y equipo"
134015,"De flota y equipo de transporte"
134020,"De flota y equipo aereo"
134025,"De flota y equipo férreo"
134030,"De flota y equipo fluvial y/o maritimo"
134035,"De semovientes"
134095,"De otros bienes"
1345,"Ingresos por cobrar"
134505,"Dividendos y/o participaciones"
134510,"Intereses"
134515,"Comisiones"
134520,"Honorarios"
134525,"Servicios"
134530,"Arrendamientos"
134535,"CERT por cobrar"
134595,"Otros"
1350,"Retención sobre contratos"
135005,"De construcíon"
135010,"De prestación de servicios"
135095,"Otros"
1355,"Anticipo de impuestos y contribuciones o saldos a favor"
135505,"Anticipo de impuestos de renta y complementarios"
135510,"Anticipo de impuestos de industria y comercio"
135515,"Retención en la fuente"
135520,"Sobrantes en liquidacion privada de impuestos"
135525,"Contribuciones"
135530,"Impuestos descontables"
135595,"Otros"
1360,"Reclamaciones"
136005,"A compañías aseguradoras"
136010,"A transportadores"
136015,"Por tiquetes aéreos"
136095,"Otras"
1365,"Cuentas por cobrar a trabajadores"
136505,"Vivienda"
136510,"Vehículos"
136515,"Educación"
136520,"Medicos, odontógicos y similares"
136525,"Calamidad doméstica"
136530,"Responsabilidades"
136595,"Otros"
1370,"Préstamos a particulares"
137005,"Con garantía real"
137010,"Con garantía personal"
1380,"Deudores varios"
138005,"Depositarios"
138010,"Comisionistas de bolsas"
138015,"Fondo de inversión"
138020,"Cuentas por cobrar de terceros"
138025,"Pagos por cuenta de terceros"
138030,"Fondos de inversión social"
138095,"Otros"
1385,"Derechos de recompra de cartera negociada"
1390,"Deudas de difícil cobro"
1399,"Provisiones"
139905,"Clientes"
139910,"Cuentas corrientes comerciales"
139915,"Cuentas por cobrar a casa matriz"
139920,"Cuentas por cobrar a vinculados económicos"
139925,"Cuentas por cobrar a socios y accionistas"
139930,"Anticipos y avances"
139932,"Cuentas de operacion conjunta"
139935,"Depósitos"
139940,"Promesas de compraventa"
139945,"Ingresos por cobrar"
139950,"Retención sobre contratos"
139955,"Reclamaciones"
139960,"Cuentas por cobrar a trabajadores"
139965,"Préstamos a particulares"
139975,"Deudores varios"
139980,"Derechos de recompra de cartera negociada"
14,"Inventarios"
1405,"Materias primas"
140599,"Ajustes por inflación"
1410,"Productos en proceso"
141099,"Ajustes por inflación"
1415,"Obras de construcción en curso"
141599,"Ajustes por inflación"
1417,"Obras de urbanismo"
141799,"Ajustes por inflación"
1420,"Contratos en ejecución"
142099,"Ajustes por inflación"
1425,"Cultivos en desarrollo"
142599,"Ajustes por inflación"
1430,"Productos terminados"
143005,"Productos manufacturados"
143010,"Productos extraidos y/o procesados"
143015,"Productos agricolas y forestales"
143020,"Subproductos"
143025,"Productos de pesca"
143099,"Ajustes por inflación"
1435,"Mercancias no fabricadas por la empresa"
143599,"Ajustes por inflación"
1440,"Bienes raices para la venta"
144099,"Ajustes por inflación"
1445,"Semovientes"
144505,"Especies mayores"
144510,"Especies menores"
144599,"Ajustes por inflación"
1450,"Terrenos"
145005,"Por urbanizar"
145010,"Urbanizados por construir"
145099,"Ajustes por inflación"
1455,"Materiales, repuestos y accesorios"
145505,"Combustibles y lubricantes"
145510,"Abonos y fertilizantes"
145515,"Semillas terminadas"
145520,"Fungicidas y herbicidas"
145525,"Materiales y repuestos"
145530,"Loza y cristaleria"
145535,"Herramientas"
145540,"Medicinas"
145545,"Elementos hospitalarios"
145550,"Instrumental quirurgico"
145555,"Dotación y suministro a trabajadores"
145560,"Elementos de ropería y lencería"
145595,"Otros"
145599,"Ajustes por inflación"
1460,"Envases y empaques"
146099,"Ajustes por inflacion"
1465,"Inventarios en transito"
146599,"Ajustes por inflación"
1499,"Provisiones"
149905,"Para obsolescencia"
149910,"Para diferencia de inventario fisico"
149915,"Para perdidas de inventarios"
149920,"Lifo"
15,"Propiedades planta y equipo"
1504,"Terrenos"
150405,"Urbanos"
150410,"Rurales"
150499,"Ajustes por inflación"
1506,"Materiales proyectos petroleros"
150605,"Tuberias y equipo"
150610,"Costos de importacion materiales"
150615,"Proyectos de construccion"
150699,"Ajustes por inflacion"
1508,"Construcciones en curso"
150805,"Construcciones y edificaciones"
150810,"Acueductos plantas y redes"
150815,"Vias de comunicacion"
150820,"Pozos artesianos"
150825,"Proyectos de exploracion"
150830,"Proyectos de desarrollo"
150899,"Ajustes por inflacion"
1512,"Maquinaria y equipos en montaje"
151205,"Maquinaria y equipo"
151210,"Equipo de oficina"
151215,"Equipo de computacion y comunicacion"
151220,"Equipo medico-cientifico"
151225,"Equipo de hoteles y restaurantes"
151230,"Flota y equipo de transporte"
151235,"Flota y equipo fluvial y/o maritimo"
151240,"Flota y equipo aereo"
151245,"Flota y equipo ferreo"
151250,"Plantas y redes"
151299,"Ajustes por inflacion"
1516,"Construcciones y edificaciones"
151605,"Edificios"
151610,"Oficinas"
151615,"Almacenes"
151620,"Fabricas y plantas industriales"
151625,"Salas de exhibicion y ventas"
151630,"Cafeteria y casinos"
151635,"Silos"
151640,"Invernaderos"
151645,"Casetas y campamentos"
151650,"Instalaciones agropecuarias"
151655,"Viviendas para empleados y obreros"
151660,"Terminal de buses y taxis"
151663,"Terminal maritimo"
151665,"Terminal ferreo"
151670,"Parqueaderos, garajes y depositos"
151675,"Hangares"
151680,"Bodegas"
151695,"Otros"
151699,"Ajustes por inflacion"
1520,"Maquinaria y equipo"
152099,"Ajustes por inflacion"
1524,"Equipo de oficina"
152405,"Muebles y enseres"
152410,"Equipos"
152495,"Otros"
152499,"Ajustes por inflacion"
1528,"Equipo de computacion y comunicacion"
152805,"Equipos de procesamiento de datos"
152810,"Equipos de telecomunicaciones"
152815,"Equipos de radio"
152820,"Satelites y antenas"
152825,"Lineas telefonicas"
152895,"Otros"
152899,"Ajustes por inflacion"
1532,"Equipo medico - cientifico"
153205,"Medico"
153210,"Odontologico"
153215,"Laboratorio"
153220,"Instrumental"
153295,"Otros"
153299,"Ajustes por inflacion"
1536,"Equipo de hoteles y restaurantes"
153605,"De habitaciones"
153610,"De comestibles y bebidas"
153695,"Otros"
153699,"Ajustes por inflacion"
1540,"Flota y equipo de transporte"
154005,"Autos, camionetas y camperos"
154008,"Camiones, volquetas y furgones"
154010,"Tractomulas y remolques"
154015,"Buses y busetas"
154017,"Recolectores y contenedores"
154020,"Montacargas"
154025,"Palas y gruas"
154030,"Motocicletas"
154035,"Bicicletas"
154040,"Estibas y carretas"
154045,"Bandas transportadoras"
154095,"Otros"
154099,"Ajustes por inflacion"
1544,"Flota y equipo fluvial y/o maritimo"
154405,"Buques"
154410,"Lanchas"
154415,"Remolcadoras"
154420,"Botes"
154425,"Boyas"
154430,"Amarres"
154435,"Contenedores y chassises"
154440,"Gabarras"
154495,"Otros"
154499,"Ajustes por inflacion"
1548,"Flota y equipo aereo"
154805,"Aviones"
154810,"Avionetas"
154815,"Helicopteros"
154820,"Turbinas y motores"
154825,"Manuales de entrenamiento personal tecnico"
154830,"Equipos de vuelo"
154895,"Otros"
154899,"Ajustes por inflacion"
1552,"Flota y equipo ferreo"
155205,"Locomotoras"
155210,"Vagones"
155215,"Redes ferreas"
155295,"Otros"
155299,"Ajustes por inflacion"
1556,"Acueductos plantas y redes"
155605,"Instalaciones para agua y energia"
155610,"Acueducto acequias y canalizaciones"
155615,"Plantas de generacion hidraulica"
155620,"Plantas de generacion termica"
155625,"Plantas de generacion a gas"
155628,"Plantas de generacion diesel, gasolina y petroleo"
155630,"Plantas de distribucion"
155635,"Plantas de transmision y subestaciones"
155640,"Oleoductos"
155645,"Gasoductos"
155647,"Poliductos"
155650,"Redes de distribucion"
155655,"Plantas de tratamiento"
155660,"Redes de recoleccion de aguas negras"
155665,"Instalaciones y equipo de bombeo"
155670,"Redes de distribucion de vapor"
155675,"Redes de aire"
155680,"Redes alimentacion de gas"
155682,"Redes externas de telefonia"
155685,"Plantas deshidratadoras"
155695,"Otros"
155699,"Ajustes por inflacion"
1560,"Armamento de vigilancia"
156099,"Ajustes por inflacion"
1562,"Envases y empaques"
156299,"Ajustes por inflacion"
1564,"Plantaciones agricolas y forestales"
156405,"Cultivos en desarrollo"
156410,"Cultivos amortizables"
156499,"Ajustes por inflacion"
1568,"Vias de comunicacion"
156805,"Pavimentacion y patios"
156810,"Vias"
156815,"Puentes"
156820,"Calles"
156825,"Aerodromos"
156895,"Otros"
156899,"Ajustes por inflacion"
1572,"Minas y canteras"
157205,"Minas"
157210,"Canteras"
157299,"Ajustes por inflacion"
1576,"Pozos artesianos"
157699,"Ajustes por inflacion"
1580,"Yacimientos"
158099,"Ajustes por inflacion"
1584,"Semovientes"
158405,"Especies menores"
158410,"Especies mayores"
158499,"Ajustes por inflacion"
1588,"Propiedades planta y equipo en transito"
158805,"Maquinaria y equipo"
158810,"Equipo de oficina"
158815,"Equipo de computacion y comunicacion"
158820,"Equipo medico cientifico"
158825,"Equipo de hoteles y restaurantes"
158830,"Flota y equipo de transporte"
158835,"Flota y equipo fluvial y/o maritimo"
158840,"Flota y equipo aereo"
158845,"Flota y equipo ferreo"
158850,"Plantas y redes"
158855,"Armamento de vigilancia"
158860,"Semovientes"
158865,"Envases y empaques"
158899,"Ajustes por inflacion"
1592,"Depreciacion acumulada"
159205,"Construcciones y edificaciones"
159210,"Maquinaria y equipo"
159215,"Equipo de oficina"
159220,"Equipo de computacion y comunicacion"
159225,"Equipo medico cientifico"
159230,"Equipo de hoteles y restaurantes"
159235,"Flota y equipo de transporte"
159240,"Flota y equipo fluvial y/o maritimo"
159245,"Flota y equipo aereo"
159250,"Flota y equipo ferreo"
159255,"Acueductos plantas y redes"
159260,"Armamento de vigilancia"
159265,"Envases y empaques"
159299,"Ajustes por inflacion"
1596,"Depreciacion diferida"
159605,"Exceso fiscal sobre la contable"
159610,"Defecto fiscal sobre la contable (cr)"
159699,"Ajustes por inflacion"
1597,"Amortizacion acumulada"
159705,"Plantaciones agricolas y forestales"
159710,"Vias de comunicacion"
159715,"Semovientes"
159799,"Ajustes por inflacion"
1598,"Agotamiento acumulado"
159805,"Minas y canteras"
159815,"Pozos artesianos"
159820,"Yacimientos"
159899,"Ajustes por inflacion"
1599,"Provisiones"
159904,"Terrenos"
159906,"Materiales proyectos petroleros"
159908,"Construcciones en curso"
159912,"Maquinaria en montaje"
159916,"Construcciones y edificaciones"
159920,"Maquinaria y equipo"
159924,"Equipo de oficina"
159928,"Equipo de computacion y comunicacion"
159932,"Equipo medico cientifico"
159936,"Equipo de hoteles y restaurantes"
159940,"Flota y equipo de transporte"
159944,"Flota y equipo fluvial y/o maritimo"
159948,"Flota y equipo aereo"
159952,"Flota y equipo ferreo"
159956,"Acueductos, plantas y redes"
159960,"Armamento de vigilancia"
159962,"Envases y empaques"
159964,"Plantaciones agricolas y forestales"
159968,"Vias de comunicacion"
159972,"Minas y canteras"
159980,"Pozos artesianos"
159984,"Yacimientos"
159988,"Semovientes"
159992,"Propiedades planta y equipo en transito"
16,"Intangibles"
1605,"Credito mercantil"
160505,"Formado o estimado"
160510,"Adquirido o comprado"
160599,"Ajustes por inflacion"
1610,"Marcas"
161005,"Adquiridas"
161010,"Formadas"
161099,"Ajustes por inflacion"
1615,"Patentes"
161505,"Adquiridas"
161510,"Formadas"
161599,"Ajustes por inflacion"
1620,"Concesiones y franquicias"
162005,"Concesiones"
162010,"Franquicias"
162099,"Ajustes por inflacion"
1625,"Derechos"
162505,"Derechos de autor"
162510,"Puesto de bolsa"
162515,"En fideicomisos inmobiliarios"
162520,"En fideicomisos de garantia"
162525,"En fideicomisos de administracion"
162595,"Otros"
162599,"Ajustes por inflacion"
1630,"Know how"
163099,"Ajustes por inflacion"
1635,"Licencias"
163599,"Ajustes por inflacion"
1698,"Amortizacion acumulada"
169805,"Credito mercantil"
169810,"Marcas"
169815,"Patentes"
169820,"Concesiones y franquicias"
169830,"Derechos"
169835,"Know how"
169840,"Licencias"
169899,"Ajustes por inflacion"
1699,"Provisiones"
17,"Diferidos"
1705,"Gastos pagados por anticipado"
170505,"Intereses"
170510,"Honorarios"
170515,"Comisiones"
170520,"Seguros y fianzas"
170525,"Arrendamientos"
170530,"Bodegajes"
170535,"Mantenimiento equipos"
170540,"Servicios"
170545,"Suscripciones"
170595,"Otros"
1710,"Cargos diferidos"
171004,"Organizacion y preoperativos"
171008,"Remodelaciones"
171012,"Estudios, investigaciones y proyectos"
171016,"Programas para computador (software)"
171020,"Utiles y papeleria"
171024,"Mejoras a propiedades ajenas"
171028,"Contribuciones y afiliaciones"
171032,"Entrenamiento de personal"
171036,"Ferias y exposiciones"
171040,"Licencias"
171044,"Publicidad, propaganda y avisos"
171048,"Elementos de aseo y cafeteria"
171052,"Moldes y troqueles"
171056,"Instrumental quirurgico"
171060,"Dotacion y suministro a trabajadores"
171064,"Elementos de roperia y lenceria"
171068,"Loza y cristaleria"
171072,"Descuento en colocacion de bonos"
171076,"Impuesto de renta diferido ""debitos"" por diferencias"
171080,"Concursos y licitaciones"
171095,"Otros"
171099,"Ajustes por inflacion"
1715,"Costos de exploracion por amortizar"
171505,"Pozos secos"
171510,"Pozos no comerciales"
171515,"Otros costos de exploracion"
171599,"Ajustes por inflacion"
1720,"Costos de explotacion y desarrollo"
172005,"Perforacion y explotacion"
172010,"Perforaciones campos en desarrollo"
172015,"Facilidades de produccion"
172020,"Servicio a pozos"
172099,"Ajustes por inflacion"
1730,"Cargos por correccion monetaria diferida"
1798,"Amortizacion acumulada"
179805,"Costos de exploracion por amortizar"
179810,"Costos de explotacion y desarrollo"
179899,"Ajustes por inflacion"
18,"Otros activos"
1805,"Bienes de arte y cultura"
180505,"Obras de arte"
180510,"Bibliotecas"
180595,"Otros"
180599,"Ajustes por inflacion"
1895,"Diversos"
189505,"Maquinas porteadoras"
189510,"Bienes entregados en comodato"
189515,"Amortizacion acumulada de bienes entregados en comodato (cr)"
189520,"Bienes recibidos en pago"
189525,"Derechos sucesorales"
189530,"Estampillas"
189595,"Otros"
189599,"Ajustes por inflacion"
1899,"Provisiones"
189905,"Bienes de arte y cultura"
189995,"Diversos"
19,"Valorizaciones"
1905,"De inversiones"
190505,"Acciones"
190510,"Cuotas o partes de interes social"
190515,"Derechos fiduciarios"
1910,"De propiedades planta y equipo"
191004,"Terrenos"
191006,"Materiales proyectos petroleros"
191008,"Construcciones y edificaciones"
191012,"Maquinaria y equipo"
191016,"Equipo de oficina"
191020,"Equipo de computacion y comunicacion"
191024,"Equipo medico cientifico"
191028,"Equipo de hoteles y restaurantes"
191032,"Flota y equipo de transporte"
191036,"Flota y equipo fluvial y/o maritimo"
191040,"Flota y equipo aereo"
191044,"Flota y equipo ferreo"
191048,"Acueductos plantas y redes"
191052,"Armamento de vigilancia"
191056,"Envases y empaques"
191060,"Plantaciones agricolas y forestales"
191064,"Vias de comunicacion"
191068,"Minas y canteras"
191072,"Pozos artesianos"
191076,"Yacimientos"
191080,"Semovientes"
1995,"De otros activos"
199505,"Bienes de arte y cultura"
199510,"Bienes entregados en comodato"
199515,"Bienes recibidos en pago"
199520,"Inventario de semovientes"
2,"Pasivo"
21,"Obligaciones financieras"
2105,"Bancos nacionales"
210505,"Sobregiros"
210510,"Pagares"
210515,"Cartas de credito"
210520,"Aceptaciones bancarias"
2110,"Bancos del exterior"
211005,"Sobregiros"
211010,"Pagares"
211015,"Cartas de credito"
211020,"Aceptaciones bancarias"
2115,"Corporaciones financieras"
211505,"Pagares"
211510,"Aceptaciones financieras"
211515,"Cartas de credito"
2120,"Compañias de financiamiento comercial"
212005,"Pagares"
212010,"Aceptaciones financieras"
2125,"Corporaciones de ahorro y vivienda"
212505,"Sobregiros"
212510,"Pagares"
212515,"Hipotecarias"
2130,"Entidades financieras del exterior"
2135,"Compromisos de recompra de inversiones negociadas"
213505,"Acciones"
213510,"Cuotas o partes de interes social"
213515,"Bonos"
213520,"Cedulas"
213525,"Certificados"
213530,"Papeles comerciales"
213535,"Titulos"
213540,"Aceptaciones bancarias o financieras"
213595,"Otros"
2140,"Compromisos de recompra de cartera negociada"
2145,"Obligaciones gubernamentales"
214505,"Gobierno nacional"
214510,"Entidades oficiales"
2195,"Otras obligaciones"
219505,"Particulares"
219510,"Compañias vinculadas"
219515,"Casa matriz"
219520,"Socios o accionistas"
219525,"Fondos y cooperativas"
219595,"Otras"
22,"Proveedores"
2205,"Nacionales"
2210,"Del exterior"
2215,"Cuentas corrientes comerciales"
2220,"Casa matriz"
2225,"Compañias vinculadas"
23,"Cuentas por pagar"
2305,"Cuentas corrientes comerciales"
2310,"A casa matriz"
2315,"A compañias vinculadas"
2320,"A contratistas"
2330,"Ordenes de compra por utilizar"
2335,"Costos y gastos por pagar"
233505,"Gastos financieros"
233510,"Gastos legales"
233515,"Libros, suscripciones, periodicos y revistas"
233520,"Comisiones"
233525,"Honorarios"
233530,"Servicios tecnicos"
233535,"Servicios de mantenimiento"
233540,"Arrendamientos"
233545,"Transportes, fletes y acarreos"
233550,"Servicios publicos"
233555,"Seguros"
233560,"Gastos de viaje"
233565,"Gastos de representacion y relaciones publicas"
233570,"Servicios aduaneros"
233595,"Otros"
2340,"Instalamentos por pagar"
2345,"Acreedores oficiales"
2350,"Regalias por pagar"
2355,"Deudas con accionistas o socios"
235505,"Accionistas"
235510,"Socios"
2360,"Dividendos o participaciones por pagar"
236005,"Dividendos"
236010,"Participaciones"
2365,"Retencion en la fuente"
236505,"Salarios y pagos laborales"
236510,"Dividendos y/o participaciones"
236515,"Honorarios"
236520,"Comisiones"
236525,"Servicios"
236530,"Arrendamientos"
236535,"Rendimientos financieros"
236540,"Compras"
236545,"Loterias, rifas, apuestas y similares"
236550,"Por pagos al exterior"
236555,"Por ingresos obtenidos en el exterior"
236560,"Enajenacion propiedades planta y equipo personas naturales"
236565,"Por impuesto de timbre"
236570,"Otras retenciones y patrimonio"
236575,"Autorretenciones"
2370,"Retenciones y aportes de nomina"
237005,"Aportes al i.s.s."
237010,"Aportes al i.c.b.f., sena y cajas de compensacion"
237015,"Aportes al f.i.c."
237025,"Embargos judiciales"
237030,"Libranzas"
237035,"Sindicatos"
237040,"Cooperativas"
237045,"Fondos"
237095,"Otros"
2375,"Cuotas por devolver"
2380,"Acreedores varios"
238005,"Depositarios"
238010,"Comisionistas de bolsas"
238015,"Sociedad administradora - fondos de inversion"
238020,"Reintegros por pagar"
238025,"Fondo de perseverancia"
238030,"Fondos de cesantias y/o pensiones"
238035,"Donaciones asignadas por pagar"
238095,"Otros"
24,"Impuestos, gravamenes y tasas"
2404,"De renta y complementarios"
240405,"Vigencia fiscal corriente"
240410,"Vigencias fiscales anteriores"
2408,"Impuesto sobre las ventas por pagar"
2412,"De industria y comercio"
241205,"Vigencia fiscal corriente"
241210,"Vigencias fiscales anteriores"
2416,"A la propiedad raiz"
2420,"Derechos sobre instrumentos publicos"
2424,"De valorizacion"
242405,"Vigencia fiscal corriente"
242410,"Vigencias fiscales anteriores"
2428,"De turismo"
2432,"Tasa por utilizacion de puertos"
2436,"De vehiculos"
243605,"Vigencia fiscal corriente"
243610,"Vigencias fiscales anteriores"
2440,"De espectaculos publicos"
2444,"De hidrocarburos y minas"
244405,"De hidrocarburos"
244410,"De minas"
2448,"Regalias e impuestos a la pequeña y mediana mineria"
2452,"A las exportaciones cafeteras"
2456,"A las importaciones"
2460,"Cuotas de fomento"
2464,"De licores, cervezas y cigarrillos"
246405,"De licores"
246410,"De cervezas"
246415,"De cigarrillos"
2468,"Al sacrificio de ganado"
2472,"Al azar y juegos"
2495,"Otros"
25,"Obligaciones laborales"
2505,"Salarios por pagar"
2510,"Cesantias consolidadas"
251005,"Ley laboral anterior"
251010,"Ley 50 de 1990 y normas posteriores"
2515,"Intereses sobre cesantias"
2520,"Prima de servicios"
2525,"Vacaciones consolidadas"
252501,"a 252598"
2530,"Prestaciones extralegales"
253005,"Primas"
253010,"Auxilios"
253015,"Dotacion y suministro a trabajadores"
253020,"Bonificaciones"
253025,"Seguros"
253095,"Otras"
2532,"Pensiones por pagar"
2535,"Cuotas partes pensiones de jubilacion"
2540,"Indemnizaciones laborales"
26,"Pasivos estimados y provisiones"
2605,"Para costos y gastos"
260505,"Intereses"
260510,"Comisiones"
260515,"Honorarios"
260520,"Servicios tecnicos"
260525,"Transportes, fletes y acarreos"
260530,"Gastos de viaje"
260535,"Servicios publicos"
260540,"Regalias"
260545,"Garantias"
260550,"Materiales y repuestos"
260595,"Otros"
2610,"Para obligaciones laborales"
261005,"Cesantias"
261010,"Intereses sobre cesantias"
261015,"Vacaciones"
261020,"Prima de servicios"
261025,"Prestaciones extralegales"
261030,"Viaticos"
261095,"Otras"
2615,"Para obligaciones fiscales"
261505,"De renta y complementarios"
261510,"De industria y comercio"
261515,"Tasa por utilizacion de puertos"
261520,"De vehiculos"
261525,"De hidrocarburos y minas"
261595,"Otros"
2620,"Pensiones de jubilacion"
262005,"Calculo actuarial pensiones de jubilacion"
262010,"Pensiones de jubilacion por amortizar (db)"
2625,"Para obras de urbanismo"
262505,"Acueducto y alcantarillado"
262510,"Energia electrica"
262515,"Telefonos"
262595,"Otros"
2630,"Para mantenimiento y reparaciones"
263005,"Terrenos"
263010,"Construcciones y edificaciones"
263015,"Maquinaria y equipo"
263020,"Equipo de oficina"
263025,"Equipo de computacion y comunicacion"
263030,"Equipo medico - cientifico"
263035,"Equipo de hoteles y restaurantes"
263040,"Flota y equipo de transporte"
263045,"Flota y equipo fluvial y/o maritimo"
263050,"Flota y equipo aereo"
263055,"Flota y equipo ferreo"
263060,"Acueductos plantas y redes"
263065,"Armamento de vigilancia"
263070,"Envases y empaques"
263075,"Plantaciones agricolas y forestales"
263080,"Vias de cumunicacion"
263085,"Pozos artesianos"
263095,"Otros"
2635,"Para contingencias"
263505,"Multas y sanciones autoridades administrativas"
263510,"Intereses por multas y sanciones"
263515,"Reclamos"
263520,"Laborales"
263525,"Civiles"
263530,"Penales"
263535,"Administrativos"
263540,"Comerciales"
263595,"Otras"
2640,"Para obligaciones de garantias"
2695,"Provisiones diversas"
269505,"Para beneficencia"
269510,"Para comunicaciones"
269515,"Para perdida en transporte"
269520,"Para operacion"
269525,"Para proteccion de bienes agotables"
269530,"Para ajustes en redencion de unidades"
269535,"Autoseguro"
269540,"Planes y programas de reforestacion y electrificacion"
269595,"Otras"
27,"Diferidos"
2705,"Ingresos recibidos por anticipado"
270505,"Intereses"
270510,"Comisiones"
270515,"Arrendamientos"
270520,"Honorarios"
270525,"Servicios tecnicos"
270530,"De suscriptores"
270535,"Transportes, fletes y acarreos"
270540,"Mercancia en transito ya vendida"
270545,"Matriculas y pensiones"
270550,"Cuotas de administracion"
270595,"Otros"
2710,"Abonos diferidos"
271005,"Reajuste del sistema"
2715,"Utilidad diferida en ventas a plazos"
2720,"Credito por correccion monetaria diferida"
2725,"Impuestos diferidos"
272505,"Por depreciacion flexible"
272595,"Diversos"
272599,"Ajustes por inflacion"
28,"Otros pasivos"
2805,"Anticipos y avances recibidos"
280505,"De clientes"
280510,"Sobre contratos"
280515,"Para obras en proceso"
280595,"Otros"
2810,"Depositos recibidos"
281005,"Para futura suscripcion de acciones"
281010,"Para futuro pago de cuotas o derechos sociales"
281015,"Para garantia en la prestacion de servicios"
281020,"Para garantia de contratos"
281025,"De licitaciones"
281030,"De manejo de bienes"
281035,"Fondo de reserva"
281095,"Otros"
2815,"Ingresos recibidos para terceros"
281505,"Valores recibidos para terceros"
281510,"Venta por cuenta de terceros"
2820,"Cuentas de operacion conjunta"
2825,"Retenciones a terceros sobre contratos"
282505,"Cumplimiento obligaciones laborales"
282510,"Para estabilidad de obra"
282515,"Garantia cumplimiento de contratos"
2830,"Embargos judiciales"
283005,"Indemnizaciones"
283010,"Depositos judiciales"
2835,"Acreedores del sistema"
283505,"Cuotas netas"
283510,"Grupos en formacion"
2840,"Cuentas en participacion"
2895,"Diversos"
289505,"Prestamos de productos"
289510,"Reembolso de costos exploratorios"
289515,"Programa de extension agropecuaria"
29,"Bonos y papeles comerciales"
2905,"Bonos en circulacion"
290505,"Garantia general"
290510,"Garantia especifica"
2910,"Bonos obligatoriamente convertibles en acciones"
2915,"Papeles comerciales"
3,"Patrimonio"
31,"Capital social"
3105,"Capital suscrito y pagado"
310505,"Capital autorizado"
310510,"Capital por suscribir (db)"
310515,"Capital suscrito por cobrar (db)"
3110,"Acciones, cuotas o partes de interes social propias readquiridas (db)"
311005,"Acciones propias readquiridas (db)"
311010,"Cuotas o partes de interes social propias readquiridas (db)"
3115,"Aportes sociales"
311505,"Cuotas o partes de interes social"
311510,"Aportes de socios - fondo mutuo de inversion"
311515,"Contribucion de la empresa - fondo mutuo de inversion"
311520,"Suscripciones del publico"
3120,"Capital asignado"
3125,"Inversion suplementaria al capital asignado"
3130,"Capital de personas naturales"
3135,"Aportes del estado"
3140,"Fondo social"
32,"Superavit de capital"
3205,"Prima en colocacion de acciones, cuotas o partes de interes"
320505,"Prima en colocacion de acciones"
320510,"Prima en colocacion de acciones por cobrar (db)"
320515,"Prima en colocacion de cuotas o partes de interes social"
3210,"Donaciones"
321005,"En dinero"
321010,"En valores mobiliarios"
321015,"En bienes muebles"
321020,"En bienes inmuebles"
321025,"En intangibles"
3215,"Credito mercantil"
33,"Reservas"
3305,"Reservas obligatorias"
330505,"Reserva legal"
330510,"Reservas por disposiciones fiscales"
330515,"Reserva para readquisicion de acciones"
330517,"Reserva para readquisicion de cuotas o partes de interes social"
330520,"Reserva para extension agropecuaria"
330525,"Reserva ley 7a. de 1990"
330530,"Reserva para reposicion de semovientes"
330535,"Reserva ley 4a de 1980"
330595,"Otras"
3310,"Reservas estatutarias"
331005,"Para futuras capitalizaciones"
331010,"Para reposicion de activos"
331015,"Para futuros ensanches"
331095,"Otras"
3315,"Reservas ocasionales"
331505,"Para beneficencia y civismo"
331510,"Para futuras capitalizaciones"
331515,"Para futuros ensanches"
331520,"Para adquisicion o reposicion de propiedades planta y equipo"
331525,"Para investigaciones y desarrollo"
331530,"Para fomento economico"
331535,"Para capital de trabajo"
331540,"Para estabilizacion de rendimientos"
331545,"A disposicion del maximo organo social"
331595,"Otras"
34,"Revalorizacion del patrimonio"
3405,"Ajustes por inflacion"
340505,"De capital social"
340510,"De superavit de capital"
340515,"De reservas"
340520,"De resultados de ejercicios anteriores"
340525,"De activos en periodo improductivo"
3410,"Saneamiento fiscal"
3415,"Ajustes por inflacion decreto 3019 de 1989"
35,"Dividendos o participaciones decretados en acciones, cuotas o partes de interes social"
3505,"Dividendos decretados en acciones"
3510,"Participaciones decretadas en cuotas o partes de interes social"
36,"Resultados del ejercicio"
3605,"Utilidad del ejercicio"
360505,"Utilidad del ejercicio"
360510,"Utilidad por exposicion a la inflacion"
3610,"Perdida del ejercicio"
361005,"Perdida del ejercicio"
361010,"Perdida por exposicion a la inflacion"
37,"Resultados de ejercicios anteriores"
3705,"Utilidades o excedentes acumulados"
3710,"Perdidas acumuladas"
38,"Superavit por valorizaciones"
3805,"De inversiones"
380505,"Acciones"
380510,"Cuotas o partes de interes social"
380515,"Derechos fiduciarios"
3810,"De propiedades planta y equipo"
381004,"Terrenos"
381006,"Materiales proyectos petroleros"
381008,"Construcciones y edificaciones"
381012,"Maquinaria y equipo"
381016,"Equipo de oficina"
381020,"Equipo de computacion y comunicacion"
381024,"Equipo medico cientifico"
381028,"Equipo de hoteles y restaurantes"
381032,"Flota y equipo de transporte"
381036,"Flota y equipo fluvial y/o maritimo"
381040,"Flota y equipo aereo"
381044,"Flota y equipo ferreo"
381048,"Acueductos plantas y redes"
381052,"Armamento de vigilancia"
381056,"Envases y empaques"
381060,"Plantaciones agricolas y forestales"
381064,"Vias de comunicacion"
381068,"Minas y canteras"
381072,"Pozos artesianos"
381076,"Yacimientos"
381080,"Semovientes"
3895,"De otros activos"
389505,"Bienes de arte y cultura"
389510,"Bienes entregados en comodato"
389515,"Bienes recibidos en pago"
389520,"Inventario de semovientes"
4,"Ingresos"
41,"Operacionales"
4105,"Agricultura, ganaderia, caza y silvicultura"
410505,"Cultivo de cereales"
410510,"Cultivos de hortalizas, legumbres y plantas ornamentales"
410515,"Cultivos de frutas, nueces y plantas aromaticas"
410520,"Cultivo de cafe"
410525,"Cultivo de flores"
410530,"Cultivo de caña de azucar"
410535,"Cultivo de algodon y plantas para material textil"
410540,"Cultivo de banano"
410545,"Otros cultivos agricolas"
410550,"Cria de ovejas, cabras, asnos, mulas y burdeganos"
410555,"Cria de ganado caballar y vacuno."
410560,"Produccion avicola"
410565,"Cria de otros animales"
410570,"Servicios agricolas y ganaderos"
410575,"Actividad de caza"
410580,"Actividad de silvicultura"
410599,"Ajustes por inflacion"
4110,"Pesca"
411005,"Actividad de pesca"
411010,"Explotacion de criaderos de peces"
411095,"Actividades conexas"
411099,"Ajustes por inflacion"
4115,"Explotacion de minas y canteras"
411505,"Carbon"
411510,"Petroleo crudo"
411512,"Gas natural"
411514,"Servicios relacionados con extraccion de petroleo y gas"
411515,"Minerales de hierro"
411520,"Minerales metaliferos no ferrosos"
411525,"Piedra, arena y arcilla"
411527,"Piedras preciosas"
411528,"Oro"
411530,"Otras minas y canteras"
411532,"Prestacion de servicios sector minero"
411595,"Actividades conexas"
411599,"Ajustes por inflacion"
4120,"Industrias manufactureras"
412001,"Produccion y procesamiento de carnes y productos carnicos"
412002,"Productos de pescado"
412003,"Productos de frutas, legumbres y hortalizas"
412004,"Elaboracion de aceites y grasas"
412005,"Elaboracion de productos lacteos"
412006,"Elaboracion de productos de molineria"
412007,"Elaboracion de almidones y derivados"
412008,"Elaboracion de alimentos para animales"
412009,"Elaboracion de productos para panaderia"
412010,"Elaboracion de azucar y melazas"
412011,"Elaboracion de cacao, chocolate y confiteria"
412012,"Elaboracion de pastas y productos farinaceos"
412013,"Elaboracion de productos de cafe"
412014,"Elaboracion de otros productos alimenticios"
412015,"Elaboracion de bebidas alcoholicas y alcohol etilico"
412016,"Elaboracion de vinos"
412017,"Elaboracion de bebidas malteadas y de malta"
412018,"Elaboracion de bebidas no alcoholicas"
412019,"Elaboracion de productos de tabaco"
412020,"Preparacion e hilatura de fibras textiles y tejeduria"
412021,"Acabado de productos textiles"
412022,"Elaboracion de articulos de materiales textiles"
412023,"Elaboracion de tapices y alfombras"
412024,"Elaboracion de cuerdas, cordeles, bramantes y redes"
412025,"Elaboracion de otros productos textiles"
412026,"Elaboracion de tejidos"
412027,"Elaboracion de prendas de vestir"
412028,"Preparacion, adobo y teñido de pieles"
412029,"Curtido, adobo o preparacion de cuero"
412030,"Elaboracion de maletas, bolsos y similares"
412031,"Elaboracion de calzado"
412032,"Produccion de madera, articulos de madera y corcho"
412033,"Elaboracion de pasta y productos de madera, papel y carton"
412034,"Ediciones y publicaciones"
412035,"Impresion"
412036,"Servicios relacionados con la edicion y la impresion"
412037,"Reproduccion de grabaciones"
412038,"Elaboracion de productos de horno de coque"
412039,"Elaboracion de productos de la refinacion de petroleo"
412040,"Elaboracion de sustancias quimicas basicas"
412041,"Elaboracion de abonos y compuestos de nitrogeno"
412042,"Elaboracion de plastico y caucho sintetico"
412043,"Elaboracion de productos quimicos de uso agropecuario"
412044,"Elaboracion de pinturas, tintas y masillas"
412045,"Elaboracion de productos farmaceuticos y botanicos"
412046,"Elaboracion de jabones, detergentes y preparados de tocador"
412047,"Elaboracion de otros productos quimicos"
412048,"Elaboracion de fibras"
412049,"Elaboracion de otros productos de caucho"
412050,"Elaboracion de productos de plastico"
412051,"Elaboracion de vidrio y productos de vidrio"
412052,"Elaboracion de productos de ceramica, loza, piedra, arcilla y porcelana"
412053,"Elaboracion de cemento, cal y yeso"
412054,"Elaboracion de articulos de hormigon, cemento y yeso"
412055,"Corte, tallado y acabado de la piedra"
412056,"Elaboracion de otros productos minerales no metalicos"
412057,"Industrias basicas y fundicion de hierro y acero"
412058,"Productos primarios de metales preciosos y de metales no ferrosos"
412059,"Fundicion de metales no ferrosos"
412060,"Fabricacion de productos metalicos para uso estructural"
412061,"Forja, prensado, estampado, laminado de metal y pulvimetalurgia"
412062,"Revestimiento de metales y obras de ingenieria mecanica"
412063,"Fabricacion de articulos de ferreteria"
412064,"Elaboracion de otros productos de metal"
412065,"Fabricacion de maquinaria y equipo"
412066,"Fabricacion de equipos de elevacion y manipulacion"
412067,"Elaboracion de aparatos de uso domestico"
412068,"Elaboracion de equipo de oficina"
412069,"Elaboracion de pilas y baterias primarias"
412070,"Elaboracion de equipo de iluminacion"
412071,"Elaboracion de otros tipos de equipo electrico"
412072,"Fabricacion de equipos de radio, television y comunicaciones"
412073,"Fabricacion de aparatos e instrumentos medicos"
412074,"Fabricacion de instrumentos de medicion y control"
412075,"Fabricacion de instrumentos de optica y equipo fotografico"
412076,"Fabricacion de relojes"
412077,"Fabricacion de vehiculos automotores"
412078,"Fabricacion de carrocerias para automotores"
412079,"Fabricacion de partes piezas y accesorios para automotores"
412080,"Fabricacion y reparacion de buques y otras embarcaciones"
412081,"Fabricacion de locomotoras y material rodante para ferrocarriles"
412082,"Fabricacion de aeronaves"
412083,"Fabricacion de motocicletas"
412084,"Fabricacion de bicicletas y sillas de ruedas"
412085,"Fabricacion de otros tipos de transporte"
412086,"Fabricacion de muebles"
412087,"Fabricacion de joyas y articulos conexos"
412088,"Fabricacion de instrumentos de musica"
412089,"Fabricacion de articulos y equipo para deporte"
412090,"Fabricacion de juegos y juguetes"
412091,"Reciclamiento de desperdicios"
412095,"Productos de otras industrias manufactureras"
412099,"Ajustes por inflacion"
4125,"Suministro de electricidad, gas y agua"
412505,"Generacion, captacion y distribucion de energia electrica"
412510,"Fabricacion de gas y distribucion de combustibles gaseosos"
412515,"Captacion, depuracion y distribucion de agua"
412595,"Actividades conexas"
412599,"Ajustes por inflacion"
4130,"Construccion"
413005,"Preparacion de terrenos"
413010,"Construccion de edificios y obras de ingenieria civil"
413015,"Acondicionamiento de edificios"
413020,"Terminacion de edificaciones"
413025,"Alquiler de equipo con operarios"
413095,"Actividades conexas"
413099,"Ajustes por inflacion"
4135,"Comercio al por mayor y al por menor"
413502,"Venta de vehiculos automotores"
413504,"Mantenimiento, reparacion y lavado de vehiculos automotores"
413506,"Venta de partes, piezas y accesorios de vehiculos automotores"
413508,"Venta de combustibles solidos, liquidos, gaseosos"
413510,"Venta de lubricantes, aditivos, llantas y lujos para automotores"
413512,"Venta a cambio de retribucion o por contrata"
413514,"Venta de insumos, materias primas agropecuarias y flores"
413516,"Venta de otros insumos y materias primas no agropecuarias"
413518,"Venta de animales vivos y cueros"
413520,"Venta de productos en almacenes no especializados"
413522,"Venta de productos agropecuarios"
413524,"Venta de productos textiles, de vestir, de cuero y calzado"
413526,"Venta de papel y carton"
413528,"Venta de libros, revistas, elementos de papeleria, utiles y textos escolares"
413530,"Venta de juegos, juguetes y articulos deportivos"
413532,"Venta de instrumentos quirurgicos y ortopedicos"
413534,"Venta de articulos en relojerias y joyerias"
413536,"Venta de electrodomesticos y muebles"
413538,"Venta de productos de aseo, farmaceuticos, medicinales, y articulos de tocador"
413540,"Venta de cubiertos, vajillas, cristaleria, porcelanas, ceramicas y otros articulos de uso domestico"
413542,"Venta de materiales de construccion, fontaneria y calefaccion"
413544,"Venta de pinturas y lacas"
413546,"Venta de productos de vidrios y marqueteria"
413548,"Venta de herramientas y articulos de ferreteria"
413550,"Venta de quimicos"
413552,"Venta de productos intermedios, desperdicios y desechos"
413554,"Venta de maquinaria, equipo de oficina y programas de computador"
413556,"Venta de articulos en cacharrerias y miscelaneas"
413558,"Venta de instrumentos musicales"
413560,"Venta de articulos en casas de empeño y prenderias"
413562,"Venta de equipo fotografico"
413564,"Venta de equipo optico y de precision"
413566,"Venta de empaques"
413568,"Venta de equipo profesional y cientifico"
413570,"Venta de loterias, rifas, chance, apuestas y similares"
413572,"Reparacion de efectos personales y electrodomesticos"
413595,"Venta de otros productos"
413599,"Ajustes por inflacion"
4140,"Hoteles y restaurantes"
414005,"Hoteleria"
414010,"Campamento y otros tipos de hospedaje"
414015,"Restaurantes"
414020,"Bares y cantinas"
414095,"Actividades conexas"
414099,"Ajustes por inflacion"
4145,"Transporte, almacenamiento y comunicaciones"
414505,"Servicio de transporte por carretera"
414510,"Servicio de transporte por via ferrea"
414515,"Servicio de transporte por via acuatica"
414520,"Servicio de transporte por via aerea"
414525,"Servicio de transporte por tuberias"
414530,"Manipulacion de carga"
414535,"Almacenamiento y deposito"
414540,"Servicios complementarios para el transporte"
414545,"Agencias de viaje"
414550,"Otras agencias de transporte"
414555,"Servicio postal y de correo"
414560,"Servicio telefonico"
414565,"Servicio de telegrafo"
414570,"Servicio de transmision de datos"
414575,"Servicio de radio y television por cable"
414580,"Transmision de sonido e imagenes por contrato"
414595,"Actividades conexas"
414599,"Ajustes por inflacion"
4150,"Actividad financiera"
415005,"Venta de inversiones"
415010,"Dividendos de sociedades anonimas y/o asimiladas"
415015,"Participaciones de sociedades limitadas y/o asimiladas"
415020,"Intereses"
415025,"Reajuste monetario - upac"
415030,"Comisiones"
415035,"Operaciones de descuento"
415040,"Cuotas de inscripcion - consorcios"
415045,"Cuotas de administracion - consorcios"
415050,"Reajuste del sistema - consorcios"
415055,"Eliminacion de suscriptores - consorcios"
415060,"Cuotas de ingreso o retiro - sociedad administradora"
415065,"Servicios a comisionistas"
415070,"Inscripciones y cuotas"
415075,"Recuperacion de garantias"
415095,"Actividades conexas"
415099,"Ajustes por inflacion"
4155,"Actividades inmobiliarias, empresariales y de alquiler"
415505,"Arrendamientos de bienes inmuebles"
415510,"Inmobiliarias por retribucion o contrata"
415515,"Alquiler equipo de transporte"
415520,"Alquiler maquinaria y equipo"
415525,"Alquiler de efectos personales y enseres domesticos"
415530,"Consultoria en equipo y programas de informatica"
415535,"Procesamiento de datos"
415540,"Mantenimiento y reparacion de maquinaria de oficina"
415545,"Investigaciones cientificas y de desarrollo"
415550,"Actividades empresariales de consultoria"
415555,"Publicidad"
415560,"Dotacion de personal"
415565,"Investigacion y seguridad"
415570,"Limpieza de inmuebles"
415575,"Fotografia"
415580,"Envase y empaque"
415585,"Fotocopiado"
415590,"Mantenimiento y reparacion de maquinaria y equipo"
415595,"Actividades conexas"
415599,"Ajustes por inflacion"
4160,"Enseñanza"
416005,"Actividades relacionadas con la educacion"
416095,"Actividades conexas"
416099,"Ajustes por inflacion"
4165,"Servicios sociales y de salud"
416505,"Servicio hospitalario"
416510,"Servicio medico"
416515,"Servicio odontologico"
416520,"Servicio de laboratorio"
416525,"Actividades veterinarias"
416530,"Actividades de servicios sociales"
416595,"Actividades conexas"
416599,"Ajustes por inflacion"
4170,"Otras actividades de servicios comunitarios, sociales y personales"
417005,"Eliminacion de desperdicios y aguas residuales"
417010,"Actividades de asociacion"
417015,"Produccion y distribucion de filmes y videocintas"
417020,"Exhibicion de filmes y videocintas"
417025,"Actividad de radio y television"
417030,"Actividad teatral, musical y artistica"
417035,"Grabacion y produccion de discos"
417040,"Entretenimiento y esparcimiento"
417045,"Agencias de noticias"
417050,"Lavanderias y similares"
417055,"Peluquerias y similares"
417060,"Servicios funerarios"
417065,"Zonas francas"
417095,"Actividades conexas"
417099,"Ajustes por inflacion"
4175,"Devoluciones, rebajas y descuentos en ventas (db)"
417599,"Ajustes por inflacion"
42,"No operacionales"
4205,"Otras ventas"
420505,"Materia prima"
420510,"Material de desecho"
420515,"Materiales varios"
420520,"Productos de diversificacion"
420525,"Excedentes de exportacion"
420530,"Envases y empaques"
420535,"Productos agricolas"
420540,"De propaganda"
420545,"Productos en remate"
420550,"Combustibles y lubricantes"
420599,"Ajustes por inflacion"
4210,"Financieros"
421005,"Intereses"
421010,"Reajuste monetario - upac"
421015,"Descuentos amortizados"
421020,"Diferencia en cambio"
421025,"Financiacion vehiculos"
421030,"Financiacion sistemas de viajes"
421035,"Aceptaciones bancarias"
421040,"Descuentos comerciales condicionados"
421045,"Descuentos bancarios"
421050,"Comisiones cheques de otras plazas"
421055,"Multas y recargos"
421060,"Sanciones cheques devueltos"
421095,"Otros"
421099,"Ajustes por inflacion"
4215,"Dividendos y participaciones"
421505,"De sociedades anonimas y/o asimiladas"
421510,"De sociedades limitadas y/o asimiladas"
421599,"Ajustes por inflacion"
4220,"Arrendamientos"
422005,"Terrenos"
422010,"Construcciones y edificios"
422015,"Maquinaria y equipo"
422020,"Equipo de oficina"
422025,"Equipo de computacion y comunicacion"
422030,"Equipo medico - cientifico"
422035,"Equipo de hoteles y restaurantes"
422040,"Flota y equipo de transporte"
422045,"Flota y equipo fluvial y/o maritimo"
422050,"Flota y equipo aereo"
422055,"Flota y equipo ferreo"
422060,"Acueductos plantas y redes"
422062,"Envases y empaques"
422065,"Plantaciones agricolas y forestales"
422070,"Aerodromos"
422075,"Semovientes"
422099,"Ajustes por inflacion"
4225,"Comisiones"
422505,"Sobre inversiones"
422510,"De concesionarios"
422515,"De actividades financieras"
422520,"Por venta de servicios de taller"
422525,"Por venta de seguros"
422530,"Por ingresos para terceros"
422535,"Por distribucion de peliculas"
422540,"Derechos de autor"
422545,"Derechos de programacion"
422599,"Ajustes por inflacion"
4230,"Honorarios"
423005,"Asesorias"
423010,"Asistencia tecnica"
423015,"Administracion de vinculadas"
423099,"Ajustes por inflacion"
4235,"Servicios"
423505,"De bascula"
423510,"De transporte"
423515,"De prensa"
423520,"Administrativos"
423525,"Tecnicos"
423530,"De computacion"
423535,"De telefax"
423540,"Taller de vehiculos"
423545,"De recepcion de aeronaves"
423550,"De transporte programa gas natural"
423555,"Por contratos"
423560,"De trillla"
423565,"De mantenimiento"
423570,"Al personal"
423575,"De casino"
423580,"Fletes"
423585,"Entre compañias"
423595,"Otros"
423599,"Ajustes por inflacion"
4240,"Utilidad en venta de inversiones"
424005,"Acciones"
424010,"Cuotas o partes de interes social"
424015,"Bonos"
424020,"Cedulas"
424025,"Certificados"
424030,"Papeles comerciales"
424035,"Titulos"
424045,"Derechos fiduciarios"
424050,"Obligatorias"
424095,"Otras"
424099,"Ajustes por inflacion"
4245,"Utilidad en venta de propiedades planta y equipo"
424504,"Terrenos"
424506,"Materiales industria petrolera"
424508,"Construcciones en curso"
424512,"Maquinaria en montaje"
424516,"Construcciones y edificaciones"
424520,"Maquinaria y equipo"
424524,"Equipo de oficina"
424528,"Equipo de computacion y comunicacion"
424532,"Equipo medico - cientifico"
424536,"Equipo de hoteles y restaurantes"
424540,"Flota y equipo de transporte"
424544,"Flota y equipo fluvial y/o maritimo"
424548,"Flota y equipo aereo"
424552,"Flota y equipo ferreo"
424556,"Acueductos plantas y redes"
424560,"Armamento de vigilancia"
424562,"Envases y empaques"
424564,"Plantaciones agricolas y forestales"
424568,"Vias de comunicacion"
424572,"Minas y canteras"
424580,"Pozos artesianos"
424584,"Yacimientos"
424588,"Semovientes"
424599,"Ajustes por inflacion"
4248,"Utilidad en venta de otros bienes"
424805,"Intangibles"
424810,"Otros activos"
424899,"Ajustes por inflacion"
4250,"Recuperaciones"
425005,"Deudas malas"
425010,"Seguros"
425015,"Reclamos"
425020,"Reintegro por personal en comision"
425025,"Reintegro garantias"
425030,"Descuentos concedidos"
425035,"Reintegro provisiones"
425040,"Gastos bancarios"
425045,"De depreciacion"
425050,"Reintegro de otros costos y gastos"
425099,"Ajustes por inflacion"
4255,"Indemnizaciones"
425505,"Por siniestro"
425510,"Por suministros"
425515,"Lucro cesante compañias de seguros"
425520,"Daño emergente compañias de seguros"
425525,"Por perdida de mercancia"
425530,"Por incumplimiento de contratos"
425535,"De terceros"
425540,"Por incapacidades i.s.s."
425595,"Otras"
425599,"Ajustes por inflacion"
4260,"Participaciones en concesiones"
426099,"Ajustes por inflacion"
4265,"Ingresos de ejercicios anteriores"
426599,"Ajustes por inflacion"
4275,"Devoluciones, rebajas y descuentos en otras ventas (db)"
427599,"Ajustes por inflacion"
4295,"Diversos"
429503,"Cert"
429505,"Aprovechamientos"
429507,"Auxilios"
429509,"Donaciones"
429511,"Ingresos por investigacion y desarrollo"
429513,"Por trabajos ejecutados"
429515,"Regalias"
429517,"Derivados de las exportaciones"
429519,"Otros ingresos de explotacion"
429521,"De la actividad ganadera"
429525,"Derechos y licitaciones"
429530,"Ingresos por elementos perdidos"
429533,"Multas y recargos"
429535,"Preavisos descontados"
429537,"Reclamos"
429540,"Recobro de daños"
429543,"Premios"
429545,"Bonificaciones"
429547,"Productos descontados"
429549,"Reconocimientos i.s.s."
429551,"Excedentes"
429553,"Sobrantes de caja menor"
429555,"Sobrantes en liquidacion fletes"
429557,"Subsidios estatales"
429559,"Capacitacion distribuidores"
429561,"De escrituracion"
429563,"Registro promesas de venta"
429567,"Utiles, papeleria y fotocopias"
429571,"Resultados matriculas y traspasos"
429573,"Decoraciones"
429575,"Manejo de carga"
429579,"Historia clinica"
429581,"Ajuste al peso"
429583,"Llamadas telefonicas"
429599,"Ajustes por inflacion"
47,"Ajustes por inflacion"
4705,"Correccion monetaria"
470505,"Inversiones (cr)"
470510,"Inventarios (cr)"
470515,"Propiedades, planta y equipo (cr)"
470520,"Intangibles (cr)"
470525,"Activos diferidos"
470530,"Otros activos (cr)"
470535,"Pasivos sujetos de ajuste"
470540,"Patrimonio"
470545,"Depreciacion acumulada (db)"
470550,"Depreciacion diferida (cr)"
470555,"Agotamiento acumulado (db)"
470560,"Amortizacion acumulada (db)"
470565,"Ingresos operacionales (db)"
470570,"Ingresos no operacionales (db)"
470575,"Gastos operacionales de administracion (cr)"
470580,"Gastos operacionales de ventas (cr)"
470585,"Gastos no operacionales (cr)"
470590,"Compras (cr)"
470592,"Costo de ventas (cr)"
470594,"Costos de produccion o de operacion (db)"
5,"Gastos"
51,"Operacionales de administracion"
5105,"Gastos de personal"
510503,"Salario integral"
510506,"Sueldos"
510512,"Jornales"
510515,"Horas extras y recargos"
510518,"Comisiones"
510521,"Viaticos"
510524,"Incapacidades"
510527,"Auxilio de transporte"
510530,"Cesantias"
510533,"Intereses sobre cesantias"
510536,"Prima de servicios"
510539,"Vacaciones"
510542,"Primas extralegales"
510545,"Auxilios"
510548,"Bonificaciones"
510551,"Dotacion y suministro a trabajadores"
510554,"Seguros"
510557,"Cuotas partes pensiones de jubilacion"
510558,"Amortizacion calculo actuarial pensiones de jubilacion"
510559,"Pensiones de jubilacion"
510560,"Indemnizaciones laborales"
510563,"Capacitacion al personal"
510566,"Gastos deportivos y de recreacion"
510569,"Aportes al i.s.s"
510572,"Aportes cajas de compensacion familiar"
510575,"Aportes i.c.b.f."
510578,"Sena"
510581,"Aportes sindicales"
510584,"Gastos medicos y drogas"
510595,"Otros"
510599,"Ajustes por inflacion"
5110,"Honorarios"
511005,"Junta directiva"
511010,"Revisoria fiscal"
511015,"Auditoria externa"
511020,"Avaluos"
511025,"Asesoria juridica"
511030,"Asesoria financiera"
511035,"Asesoria tecnica"
511095,"Otros"
511099,"Ajustes por inflacion"
5115,"Impuestos"
511505,"Industria y comercio"
511510,"De timbres"
511515,"A la propiedad raiz"
511520,"Derechos sobre instrumentos publicos"
511525,"De valorizacion"
511530,"De turismo"
511535,"Tasa por utilizacion de puertos"
511540,"De vehiculos"
511545,"De espectaculos publicos"
511550,"Cuotas de fomento"
511570,"Iva descontable"
511595,"Otros"
511599,"Ajustes por inflacion"
5120,"Arrendamientos"
512005,"Terrenos"
512010,"Construcciones y edificaciones"
512015,"Maquinaria y equipo"
512020,"Equipo de oficina"
512025,"Equipo de computacion y comunicacion"
512030,"Equipo medico - cientifico"
512035,"Equipo de hoteles y restaurantes"
512040,"Flota y equipo de transporte"
512045,"Flota y equipo fluvial y/o maritimo"
512050,"Flota y equipo aereo"
512055,"Flota y equipo ferreo"
512060,"Acueductos plantas y redes"
512065,"Aerodromos"
512070,"Semovientes"
512095,"Otros"
512099,"Ajustes por inflacion"
5125,"Contribuciones y afiliaciones"
512505,"Contribuciones"
512510,"Afiliaciones y sostenimiento"
512599,"Ajustes por inflacion"
5130,"Seguros"
513005,"Manejo"
513010,"Cumplimiento"
513015,"Corriente debil"
513020,"Vida colectiva"
513025,"Incendio"
513030,"Terremoto"
513035,"Sustraccion y hurto"
513040,"Flota y equipo de transporte"
513045,"Flota y equipo fluvial y/o maritimo"
513050,"Flota y equipo aereo"
513055,"Flota y equipo ferreo"
513060,"Responsabilidad civil y extracontractual"
513065,"Vuelo"
513070,"Rotura de maquinaria"
513075,"Obligatorio accidente de transito"
513080,"Lucro cesante"
513095,"Otros"
513099,"Ajustes por inflacion"
5135,"Servicios"
513505,"Aseo y vigilancia"
513510,"Temporales"
513515,"Asistencia tecnica"
513520,"Procesamiento electronico de datos"
513525,"Acueducto y alcantarillado"
513530,"Energia electrica"
513535,"Telefono"
513540,"Correo, portes y telegramas"
513545,"Fax y telex"
513550,"Transporte, fletes y acarreos"
513555,"Gas"
513595,"Otros"
513599,"Ajustes por inflacion"
5140,"Gastos legales"
514005,"Notariales"
514010,"Registro mercantil"
514015,"Tramites y licencias"
514020,"Aduaneros"
514025,"Consulares"
514095,"Otros"
514099,"Ajustes por inflacion"
5145,"Mantenimiento y reparaciones"
514505,"Terrenos"
514510,"Construcciones y edificaciones"
514515,"Maquinaria y equipo"
514520,"Equipo de oficina"
514525,"Equipo de computacion y comunicacion"
514530,"Equipo medico-cientifico"
514535,"Equipo de hoteles y restaurantes"
514540,"Flota y equipo de transporte"
514545,"Flota y equipo fluvial y/o maritimo"
514550,"Flota y equipo aereo"
514555,"Flota y equipo ferreo"
514560,"Acueductos plantas y redes"
514565,"Armamento de vigilancia"
514570,"Vias de comunicacion"
514599,"Ajustes por inflacion"
5150,"Adecuacion e instalacion"
515005,"Instalaciones electricas"
515010,"Arreglos ornamentales"
515015,"Reparaciones locativas"
515095,"Otros"
515099,"Ajustes por inflacion"
5155,"Gastos de viaje"
515505,"Alojamiento y manutencion"
515510,"Pasajes fluviales y/o maritimos"
515515,"Pasajes aereos"
515520,"Pasajes terrestres"
515525,"Pasajes ferreos"
515595,"Otros"
515599,"Ajustes por inflacion"
5160,"Depreciaciones"
516005,"Construcciones y edificaciones"
516010,"Maquinaria y equipo"
516015,"Equipo de oficina"
516020,"Equipo de computacion y comunicacion"
516025,"Equipo medico - cientifico"
516030,"Equipo de hoteles y restaurantes"
516035,"Flota y equipo de transporte"
516040,"Flota y equipo fluvial y/o maritimo"
516045,"Flota y equipo aereo"
516050,"Flota y equipo ferreo"
516055,"Acueductos, plantas y redes"
516060,"Armamento de vigilancia"
516099,"Ajustes por inflacion"
5165,"Amortizaciones"
516505,"Vias de comunicacion"
516510,"Intangibles"
516515,"Cargos diferidos"
516595,"Otras"
516599,"Ajustes por inflacion"
5195,"Diversos"
519505,"Comisiones"
519510,"Libros, suscripciones, periodicos y revistas"
519515,"Musica ambiental"
519520,"Gastos de representacion y relaciones publicas"
519525,"Elementos de aseo y cafeteria"
519530,"Utiles, papeleria y fotocopias"
519535,"Combustibles y lubricantes"
519540,"Envases y empaques"
519545,"Taxis y buses"
519550,"Estampillas"
519555,"Microfilmacion"
519560,"Casino y restaurante"
519565,"Parqueaderos"
519570,"Indemnizacion por daños a terceros"
519575,"Polvora y similares"
519595,"Otros"
519599,"Ajustes por inflacion"
5199,"Provisiones"
519905,"Inversiones"
519910,"Deudores"
519915,"Propiedades, planta y equipo"
519995,"Otros activos"
519999,"Ajustes por inflacion"
52,"Operacionales de ventas"
5205,"Gastos de personal"
520503,"Salario integral"
520506,"Sueldos"
520512,"Jornales"
520515,"Horas extras y recargos"
520518,"Comisiones"
520521,"Viaticos"
520524,"Incapacidades"
520527,"Auxilio de transporte"
520530,"Cesantias"
520533,"Intereses sobre cesantias"
520536,"Prima de servicios"
520539,"Vacaciones"
520542,"Primas extralegales"
520545,"Auxilios"
520548,"Bonificaciones"
520551,"Dotacion y suministro a trabajadores"
520554,"Seguros"
520557,"Cuotas partes pensiones de jubilacion"
520558,"Amortizacion calculo actuarial pensiones de jubilacion"
520559,"Pensiones de jubilacion"
520560,"Indemnizaciones laborales"
520563,"Capacitacion al personal"
520566,"Gastos deportivos y de recreacion"
520569,"Aportes al i.s.s"
520572,"Aportes cajas de compensacion familiar"
520575,"Aportes i.c.b.f."
520578,"Sena"
520581,"Aportes sindicales"
520584,"Gastos medicos y drogas"
520595,"Otros"
520599,"Ajustes por inflacion"
5210,"Honorarios"
521005,"Junta directiva"
521010,"Revisoria fiscal"
521015,"Auditoria externa"
521020,"Avaluos"
521025,"Asesoria juridica"
521030,"Asesoria financiera"
521035,"Asesoria tecnica"
521095,"Otros"
521099,"Ajustes por inflacion"
5215,"Impuestos"
521505,"Industria y comercio"
521510,"De timbres"
521515,"A la propiedad raiz"
521520,"Derechos sobre instrumentos publicos"
521525,"De valorizacion"
521530,"De turismo"
521535,"Tasa por utilizacion de puertos"
521540,"De vehiculos"
521545,"De espectaculos publicos"
521550,"Cuotas de fomento"
521555,"Licores"
521560,"Cervezas"
521565,"Cigarrillos"
521570,"Iva descontable"
521595,"Otros"
521599,"Ajustes por inflacion"
5220,"Arrendamientos"
522005,"Terrenos"
522010,"Construcciones y edificaciones"
522015,"Maquinaria y equipo"
522020,"Equipo de oficina"
522025,"Equipo de computacion y comunicacion"
522030,"Equipo medico - cientifico"
522035,"Equipo de hoteles y restaurantes"
522040,"Flota y equipo de transporte"
522045,"Flota y equipo fluvial y/o maritimo"
522050,"Flota y equipo aereo"
522055,"Flota y equipo ferreo"
522060,"Acueductos plantas y redes"
522065,"Aerodromos"
522070,"Semovientes"
522095,"Otros"
522099,"Ajustes por inflacion"
5225,"Contribuciones y afiliaciones"
522505,"Contribuciones"
522510,"Afiliaciones y sostenimiento"
522599,"Ajustes por inflacion"
5230,"Seguros"
523005,"Manejo"
523010,"Cumplimiento"
523015,"Corriente debil"
523020,"Vida colectiva"
523025,"Incendio"
523030,"Terremoto"
523035,"Sustraccion y hurto"
523040,"Flota y equipo de transporte"
523045,"Flota y equipo fluvial y/o maritimo"
523050,"Flota y equipo aereo"
523055,"Flota y equipo ferreo"
523060,"Responsabilidad civil y extracontractual"
523065,"Vuelo"
523070,"Rotura de maquinaria"
523075,"Obligatorio accidente de transito"
523080,"Lucro cesante"
523095,"Otros"
523099,"Ajustes por inflacion"
5235,"Servicios"
523505,"Aseo y vigilancia"
523510,"Temporales"
523515,"Asistencia tecnica"
523520,"Procesamiento electronico de datos"
523525,"Acueducto y alcantarillado"
523530,"Energia electrica"
523535,"Telefono"
523540,"Correo, portes y telegramas"
523545,"Fax y telex"
523550,"Transporte, fletes y acarreos"
523555,"Gas"
523560,"Propaganda y publicidad"
523595,"Otros"
523599,"Ajustes por inflacion"
5240,"Gastos legales"
524005,"Notariales"
524010,"Registro mercantil"
524015,"Tramites y licencias"
524020,"Aduaneros"
524025,"Consulares"
524095,"Otros"
524099,"Ajustes por inflacion"
5245,"Mantenimiento y reparaciones"
524505,"Terrenos"
524510,"Construcciones y edificaciones"
524515,"Maquinaria y equipo"
524520,"Equipo de oficina"
524525,"Equipo de computacion y comunicacion"
524530,"Equipo medico - cientifico"
524535,"Equipo de hoteles y restaurantes"
524540,"Flota y equipo de transporte"
524545,"Flota y equipo fluvial y/o maritimo"
524550,"Flota y equipo aereo"
524555,"Flota y equipo ferreo"
524560,"Acueductos plantas y redes"
524565,"Armamento de vigilancia"
524570,"Vias de comunicacion"
524599,"Ajustes por inflacion"
5250,"Adecuacion e instalacion"
525005,"Instalaciones electricas"
525010,"Arreglos ornamentales"
525015,"Reparaciones locativas"
525095,"Otros"
525099,"Ajustes por inflacion"
5255,"Gastos de viaje"
525505,"Alojamiento y manutencion"
525510,"Pasajes fluviales y/o maritimos"
525515,"Pasajes aereos"
525520,"Pasajes terrestres"
525525,"Pasajes ferreos"
525595,"Otros"
525599,"Ajustes por inflacion"
5260,"Depreciaciones"
526005,"Construcciones y edificaciones"
526010,"Maquinaria y equipo"
526015,"Equipo de oficina"
526020,"Equipo de computacion y comunicacion"
526025,"Equipo medico - cientifico"
526030,"Equipo de hoteles y restaurantes"
526035,"Flota y equipo de transporte"
526040,"Flota y equipo fluvial y/o maritimo"
526045,"Flota y equipo aereo"
526050,"Flota y equipo ferreo"
526055,"Acueductos, plantas y redes"
526060,"Armamento de vigilancia"
526065,"Envases y empaques"
526099,"Ajustes por inflacion"
5265,"Amortizaciones"
526505,"Vias de comunicacion"
526510,"Intangibles"
526515,"Cargos diferidos"
526595,"Otras"
526599,"Ajustes por inflacion"
5270,"Financieros - reajuste del sistema"
527001,"a 527098"
527099,"Ajustes por inflacion"
5295,"Diversos"
529505,"Comisiones"
529510,"Libros, suscripciones, periodicos y revistas"
529515,"Musica ambiental"
529520,"Gastos de representacion y relaciones publicas"
529525,"Elementos de aseo y cafeteria"
529530,"Utiles, papeleria y fotocopias"
529535,"Combustibles y lubricantes"
529540,"Envases y empaques"
529545,"Taxis y buses"
529550,"Estampillas"
529555,"Microfilmacion"
529560,"Casino y restaurante"
529565,"Parqueaderos"
529570,"Indemnizacion por daños a terceros"
529575,"Polvora y similares"
529595,"Otros"
529599,"Ajustes por inflacion"
5299,"Provisiones"
529905,"Inversiones"
529910,"Deudores"
529915,"Inventarios"
529920,"Propiedades, planta y equipo"
529995,"Otros activos"
529999,"Ajustes por inflacion"
53,"No operacionales"
5305,"Financieros"
530505,"Gastos bancarios"
530510,"Reajuste monetario - upac"
530515,"Comisiones"
530520,"Intereses"
530525,"Diferencia en cambio"
530530,"Gastos en negociacion certificados de cambio"
530535,"Descuentos comerciales condicionados"
530540,"Gastos manejo y emision de bonos"
530545,"Prima amortizada"
530595,"Otros"
530599,"Ajustes por inflacion"
5310,"Perdida en venta y retiro de bienes"
531005,"Venta de inversiones"
531010,"Venta de cartera"
531015,"Venta de propiedades planta y equipo"
531020,"Venta de intangibles"
531025,"Venta de otros activos"
531030,"Retiro de propiedades planta y equipo"
531035,"Retiro de otros activos"
531040,"Perdidas por siniestros"
531095,"Otros"
531099,"Ajustes por inflacion"
5315,"Gastos extraordinarios"
531505,"Costas y procesos judiciales"
531510,"Actividades culturales y civicas"
531515,"Costos y gastos de ejercicios anteriores"
531520,"Impuestos asumidos"
531595,"Otros"
531599,"Ajustes por inflacion"
5395,"Gastos diversos"
539505,"Demandas laborales"
539510,"Demandas por incumplimiento de contratos"
539515,"Indemnizaciones"
539520,"Multas, sanciones y litigios"
539525,"Donaciones"
539530,"Constitucion de garantias"
539535,"Amortizacion de bienes entregados en comodato"
539595,"Otros"
539599,"Ajustes por inflacion"
54,"Impuesto de renta y complementarios"
5405,"Impuesto de renta y complementarios"
540505,"Impuesto de renta y complementarios"
59,"Ganancias y perdidas"
5905,"Ganancias y perdidas"
590505,"Ganancias y perdidas"
6,"Costos de ventas"
61,"Costo de ventas y de prestacion de servicios"
6105,"Agricultura, ganaderia, caza y silvicultura"
610505,"Cultivo de cereales"
610510,"Cultivos de hortalizas, legumbres y plantas ornamentales"
610515,"Cultivos de frutas, nueces y plantas aromaticas"
610520,"Cultivo de cafe"
610525,"Cultivo de flores"
610530,"Cultivo de caña de azucar"
610535,"Cultivo de algodon y plantas para material textil"
610540,"Cultivo de banano"
610545,"Otros cultivos agricolas"
610550,"Cria de ovejas, cabras, asnos, mulas y burdeganos"
610555,"Cria de ganado caballar y vacuno."
610560,"Produccion avicola"
610565,"Cria de otros animales"
610570,"Servicios agricolas y ganaderos"
610575,"Actividad de caza"
610580,"Actividad de silvicultura"
610595,"Actividades conexas"
610599,"Ajustes por inflacion"
6110,"Pesca"
611005,"Actividad de pesca"
611010,"Explotacion de criaderos de peces"
611095,"Actividades conexas"
611099,"Ajustes por inflacion"
6115,"Explotacion de minas y canteras"
611505,"Carbon"
611510,"Petroleo crudo"
611512,"Gas natural"
611514,"Servicios relacionados con extraccion de petroleo y gas"
611515,"Minerales de hierro"
611520,"Minerales metaliferos no ferrosos"
611525,"Piedra, arena y arcilla"
611527,"Piedras preciosas"
611528,"Oro"
611530,"Otras minas y canteras"
611532,"Prestacion de servicios sector minero"
611595,"Actividades conexas"
611599,"Ajustes por inflacion"
6120,"Industrias manufactureras"
612001,"Produccion y procesamiento de carnes y productos carnicos"
612002,"Productos de pescado"
612003,"Productos de frutas, legumbres y hortalizas"
612004,"Elaboracion de aceites y grasas"
612005,"Elaboracion de productos lacteos"
612006,"Elaboracion de productos de molineria"
612007,"Elaboracion de almidones y derivados"
612008,"Elaboracion de alimentos para animales"
612009,"Elaboracion de productos para panaderia"
612010,"Elaboracion de azucar y melazas"
612011,"Elaboracion de cacao, chocolate y confiteria"
612012,"Elaboracion de pastas y productos farinaceos"
612013,"Elaboracion de productos de cafe"
612014,"Elaboracion de otros productos alimenticios"
612015,"Elaboracion de bebidas alcoholicas y alcohol etilico"
612016,"Elaboracion de vinos"
612017,"Elaboracion de bebidas malteadas y de malta"
612018,"Elaboracion de bebidas no alcoholicas"
612019,"Elaboracion de productos de tabaco"
612020,"Preparacion e hilatura de fibras textiles y tejeduria"
612021,"Acabado de productos textiles"
612022,"Elaboracion de articulos de materiales textiles"
612023,"Elaboracion de tapices y alfombras"
612024,"Elaboracion de cuerdas, cordeles, bramantes y redes"
612025,"Elaboracion de otros productos textiles"
612026,"Elaboracion de tejidos"
612027,"Elaboracion de prendas de vestir"
612028,"Preparacion, adobo y teñido de pieles"
612029,"Curtido, adobo o preparacion de cuero"
612030,"Elaboracion de maletas, bolsos y similares"
612031,"Elaboracion de calzado"
612032,"Produccion de madera, articulos de madera y corcho"
612033,"Elaboracion de pasta y productos de madera, papel y carton"
612034,"Ediciones y publicaciones"
612035,"Impresion"
612036,"Servicios relacionados con la edicion y la impresion"
612037,"Reproduccion de grabaciones"
612038,"Elaboracion de productos de horno de coque"
612039,"Elaboracion de productos de la refinacion de petroleo"
612040,"Elaboracion de sustancias quimicas basicas"
612041,"Elaboracion de abonos y compuestos de nitrogeno"
612042,"Elaboracion de plastico y caucho sintetico"
612043,"Elaboracion de productos quimicos de uso agropecuario"
612044,"Elaboracion de pinturas, tintas y masillas"
612045,"Elaboracion de productos farmaceuticos y botanicos"
612046,"Elaboracion de jabones, detergentes y preparados de tocador"
612047,"Elaboracion de otros productos quimicos"
612048,"Elaboracion de fibras"
612049,"Elaboracion de otros productos de caucho"
612050,"Elaboracion de productos de plastico"
612051,"Elaboracion de vidrio y productos de vidrio"
612052,"Elaboracion de productos de ceramica, loza, piedra, arcilla y porcelana"
612053,"Elaboracion de cemento, cal y yeso"
612054,"Elaboracion de articulos de hormigon, cemento y yeso"
612055,"Corte, tallado y acabado de la piedra"
612056,"Elaboracion de otros productos minerales no metalicos"
612057,"Industrias basicas y fundicion de hierro y acero"
612058,"Productos primarios de metales preciosos y de metales no ferrosos"
612059,"Fundicion de metales no ferrosos"
612060,"Fabricacion de productos metalicos para uso estructural"
612061,"Forja, prensado, estampado, laminado de metal y pulvimetalurgia"
612062,"Revestimiento de metales y obras de ingenieria mecanica"
612063,"Fabricacion de articulos de ferreteria"
612064,"Elaboracion de otros productos de metal"
612065,"Fabricacion de maquinaria y equipo"
612066,"Fabricacion de equipos de elevacion y manipulacion"
612067,"Elaboracion de aparatos de uso domestico"
612068,"Elaboracion de equipo de oficina"
612069,"Elaboracion de pilas y baterias primarias"
612070,"Elaboracion de equipo de iluminacion"
612071,"Elaboracion de otros tipos de equipo electrico"
612072,"Fabricacion de equipos de radio, television y comunicaciones"
612073,"Fabricacion de aparatos e instrumentos medicos"
612074,"Fabricacion de instrumentos de medicion y control"
612075,"Fabricacion de instrumentos de optica y equipo fotografico"
612076,"Fabricacion de relojes"
612077,"Fabricacion de vehiculos automotores"
612078,"Fabricacion de carrocerias para automotores"
612079,"Fabricacion de partes piezas y accesorios para automotores"
612080,"Fabricacion y reparacion de buques y otras embarcaciones"
612081,"Fabricacion de locomotoras y material rodante para ferrocarriles"
612082,"Fabricacion de aeronaves"
612083,"Fabricacion de motocicletas"
612084,"Fabricacion de bicicletas y sillas de ruedas"
612085,"Fabricacion de otros tipos de transporte"
612086,"Fabricacion de muebles"
612087,"Fabricacion de joyas y articulos conexos"
612088,"Fabricacion de instrumentos de musica"
612089,"Fabricacion de articulos y equipo para deporte"
612090,"Fabricacion de juegos y juguetes"
612091,"Reciclamiento de desperdicios"
612095,"Productos de otras industrias manufactureras"
612099,"Ajustes por inflacion"
6125,"Suministro de electricidad, gas y agua"
612505,"Generacion, captacion y distribucion de energia electrica"
612510,"Fabricacion de gas y distribucion de combustibles gaseosos"
612515,"Captacion, depuracion y distribucion de agua"
612595,"Actividades conexas"
612599,"Ajustes por inflacion"
6130,"Construccion"
613005,"Preparacion de terrenos"
613010,"Construccion de edificios y obras de ingenieria civil"
613015,"Acondicionamiento de edificios"
613020,"Terminacion de edificaciones"
613025,"Alquiler de equipo con operario"
613095,"Actividades conexas"
613099,"Ajustes por inflacion"
6135,"Comercio al por mayor y al por menor"
613502,"Venta de vehiculos automotores"
613504,"Mantenimiento, reparacion y lavado de vehiculos automotores"
613506,"Venta de partes, piezas y accesorios de vehiculos automotores"
613508,"Venta de combustibles solidos, liquidos, gaseosos"
613510,"Venta de lubricantes, aditivos, llantas y lujos para automotores"
613512,"Venta a cambio de retribucion o por contrata"
613514,"Venta de insumos, materias primas agropecuarias y flores"
613516,"Venta de otros insumos y materias primas no agropecuarias"
613518,"Venta de animales vivos y cueros"
613520,"Venta de productos en almacenes no especializados"
613522,"Venta de productos agropecuarios"
613524,"Venta de productos textiles, de vestir, de cuero y calzado"
613526,"Venta de papel y carton"
613528,"Venta de libros, revistas, elementos de papeleria, utiles y textos escolares"
613530,"Venta de juegos, juguetes y articulos deportivos"
613532,"Venta de instrumentos quirurgicos y ortopedicos"
613534,"Venta de articulos en relojerias y joyerias"
613536,"Venta de electrodomesticos y muebles"
613538,"Venta de productos de aseo, farmaceuticos, medicinales, y articulos de tocador"
613540,"Venta de cubiertos, vajillas, cristaleria, porcelanas, ceramicas y otros articulos de uso domestico"
613542,"Venta de materiales de construccion, fontaneria y calefaccion"
613544,"Venta de pinturas y lacas"
613546,"Venta de productos de vidrios y marqueteria"
613548,"Venta de herramientas y articulos de ferreteria"
613550,"Venta de quimicos"
613552,"Venta de productos intermedios, desperdicios y desechos"
613554,"Venta de maquinaria, equipo de oficina y programas de computador"
613556,"Venta de articulos en cacharrerias y miscelaneas"
613558,"Venta de instrumentos musicales"
613560,"Venta de articulos en casas de empeño y prenderias"
613562,"Venta de equipo fotografico"
613564,"Venta de equipo optico y de precision"
613566,"Venta de empaques"
613568,"Venta de equipo profesional y cientifico"
613570,"Venta de loterias, rifas, chance, apuestas y similares"
613572,"Reparacion de efectos personales y electrodomesticos"
613595,"Venta de otros productos"
613599,"Ajustes por inflacion"
6140,"Hoteles y restaurantes"
614005,"Hoteleria"
614010,"Campamento y otros tipos de hospedaje"
614015,"Restaurantes"
614020,"Bares y cantinas"
614095,"Actividades conexas"
614099,"Ajustes por inflacion"
6145,"Transporte, almacenamiento y comunicaciones"
614505,"Servicio de transporte por carretera"
614510,"Servicio de transporte por via ferrea"
614515,"Servicio de transporte por via acuatica"
614520,"Servicio de transporte por via aerea"
614525,"Servicio de transporte por tuberias"
614530,"Manipulacion de carga"
614535,"Almacenamiento y deposito"
614540,"Servicios complementarios para el transporte"
614545,"Agencias de viaje"
614550,"Otras agencias de transporte"
614555,"Servicio postal y de correo"
614560,"Servicio telefonico"
614565,"Servicio de telegrafo"
614570,"Servicio de transmision de datos"
614575,"Servicio de radio y television por cable"
614580,"Transmision de sonido e imagenes por contrato"
614595,"Actividades conexas"
614599,"Ajustes por inflacion"
6150,"Actividad financiera"
615005,"De inversiones"
615010,"De servicio de bolsa"
615099,"Ajustes por inflacion"
6155,"Actividades inmobiliarias, empresariales y de alquiler"
615505,"Arrendamientos de bienes inmuebles"
615510,"Inmobiliarias por retribucion o contrata"
615515,"Alquiler equipo de transporte"
615520,"Alquiler maquinaria y equipo"
615525,"Alquiler de efectos personales y enseres domesticos"
615530,"Consultoria en equipo y programas de informatica"
615535,"Procesamiento de datos"
615540,"Mantenimiento y reparacion de maquinaria de oficina"
615545,"Investigaciones cientificas y de desarrollo"
615550,"Actividades empresariales de consultoria"
615555,"Publicidad"
615560,"Dotacion de personal"
615565,"Investigacion y seguridad"
615570,"Limpieza de inmuebles"
615575,"Fotografia"
615580,"Envase y empaque"
615585,"Fotocopiado"
615590,"Mantenimiento y reparacion de maquinaria y equipo"
615595,"Actividades conexas"
615599,"Ajustes por inflacion"
6160,"Enseñanza"
616005,"Actividades relacionadas con la educacion"
616099,"Ajustes por inflacion"
6165,"Servicios sociales y de salud"
616505,"Servicio hospitalario"
616510,"Servicio medico"
616515,"Servicio odontologico"
616520,"Servicio de laboratorio"
616525,"Actividades veterinarias"
616530,"Actividades de servicios sociales"
616595,"Actividades conexas"
616599,"Ajustes por inflacion"
6170,"Otras actividades de servicios comunitarios, sociales y personales"
617005,"Eliminacion de desperdicios y aguas residuales"
617010,"Actividades de asociacion"
617015,"Produccion y distribucion de filmes y videocintas"
617020,"Exhibicion de filmes y videocintas"
617025,"Actividad de radio y television"
617030,"Actividad teatral, musical y artistica"
617035,"Grabacion y produccion de discos"
617040,"Entretenimiento y esparcimiento"
617045,"Agencias de noticias"
617050,"Lavanderias y similares"
617055,"Peluquerias y similares"
617060,"Servicios funerarios"
617065,"Zonas francas"
617095,"Actividades conexas"
617099,"Ajustes por inflacion"
62,"Compras"
6205,"De mercancias"
620599,"Ajustes por inflacion"
6210,"De materias primas"
621099,"Ajustes por inflacion"
6215,"De materiales indirectos"
621599,"Ajustes por inflacion"
6220,"Compra de energia"
622001,"a 622098"
622099,"Ajustes por inflacion"
6225,"Devoluciones rebajas y descuentos en compras (cr)"
622599,"Ajustes por inflacion"
7,"Costos de produccion o de operacion"
71,"Materia prima"
72,"Mano de obra directa"
73,"Costos indirectos"
74,"Contratos de servicios"
8,"Cuentas de orden deudoras"
81,"Derechos contingentes"
8105,"Bienes y valores entregados en custodia"
810505,"Valores mobiliarios"
810510,"Bienes muebles"
810599,"Ajustes por inflacion"
8110,"Bienes y valores entregados en garantia"
811005,"Valores mobiliarios"
811010,"Bienes muebles"
811015,"Bienes inmuebles"
811020,"Contratos de ganado en participacion"
811099,"Ajustes por inflacion"
8115,"Bienes y valores en poder de terceros"
811505,"En arrendamiento"
811510,"En prestamo"
811515,"En deposito"
811520,"En consignacion"
811599,"Ajustes por inflacion"
8120,"Litigios y/o demandas"
812005,"Ejecutivos"
812010,"Incumplimiento de contratos"
8125,"Promesas de compraventa"
8195,"Diversas"
819505,"Valores adquiridos por recibir"
819595,"Otras"
819599,"Ajustes por inflacion."
82,"Deudoras fiscales"
83,"Deudoras de control"
8305,"Bienes recibidos en arrendamiento financiero"
830505,"Bienes muebles"
830510,"Bienes inmuebles"
830599,"Ajustes por inflacion"
8310,"Titulos de inversion no colocados"
831005,"Acciones"
831010,"Bonos"
831095,"Otros"
8315,"Propiedades planta y equipo totalmente depreciados, agotados y/o amortizados"
831506,"Materiales proyectos petroleros"
831516,"Construcciones y edificaciones"
831520,"Maquinaria y equipo"
831524,"Equipo de oficina"
831528,"Equipo de computacion y comunicacion"
831532,"Equipo medico - cientifico"
831536,"Equipo de hoteles y restaurantes"
831540,"Flota y equipo de transporte"
831544,"Flota y equipo fluvial y/o maritimo"
831548,"Flota y equipo aereo"
831552,"Flota y equipo ferreo"
831556,"Acueductos, plantas y redes"
831560,"Armamento de vigilancia"
831562,"Envases y empaques"
831564,"Plantaciones agricolas y forestales"
831568,"Vias de comunicacion"
831572,"Minas y canteras"
831576,"Pozos artesianos"
831580,"Yacimientos"
831584,"Semovientes"
831599,"Ajustes por inflacion"
8320,"Creditos a favor no utilizados"
832005,"Pais"
832010,"Exterior"
8325,"Activos castigados"
832505,"Inversiones"
832510,"Deudores"
832595,"Otros activos"
8330,"Titulos de inversion amortizados"
833005,"Bonos"
833095,"Otros"
8335,"Capitalizacion por revalorizacion de patrimonio"
8395,"Otras cuentas deudoras de control"
839505,"Cheques postfechados"
839510,"Certificados de deposito a termino"
839515,"Cheques devueltos"
839520,"Bienes y valores en fideicomiso"
839525,"Intereses sobre deudas vencidas"
839595,"Diversas"
839599,"Ajustes por inflacion"
8399,"Ajustes por inflacion activos"
839905,"Inversiones"
839910,"Inventarios"
839915,"Propiedades planta y equipo"
839920,"Intangibles"
839925,"Cargos diferidos"
839995,"Otros activos"
84,"Derechos contingentes por contra (cr)"
85,"Deudoras fiscales por contra (cr)"
86,"Deudoras de control por contra (cr)"
9,"Cuentas de orden acreedoras"
91,"Responsabilidades contingentes"
9105,"Bienes y valores recibidos en custodia"
910505,"Valores mobiliarios"
910510,"Bienes muebles"
910599,"Ajustes por inflacion"
9110,"Bienes y valores recibidos en garantia"
911005,"Valores mobiliarios"
911010,"Bienes muebles"
911015,"Bienes inmuebles"
911020,"Contratos de ganado en participacion"
911099,"Ajustes por inflacion"
9115,"Bienes y valores recibidos de terceros"
911505,"En arrendamiento"
911510,"En prestamo"
911515,"En deposito"
911520,"En consignacion"
911525,"En comodato"
911599,"Ajustes por inflacion"
9120,"Litigios y/o demandas"
912005,"Laborales"
912010,"Civiles"
912015,"Administrativos o arbitrales"
912020,"Tributarios"
9125,"Promesas de compraventa"
9130,"Contratos de administracion delegada"
9135,"Cuentas en participacion"
9195,"Otras responsabilidades contingentes"
92,"Acreedoras fiscales"
93,"Acreedoras de control"
9305,"Contratos de arrendamiento financiero"
930505,"Bienes muebles"
930510,"Bienes inmuebles"
9395,"Otras cuentas de orden acreedoras de control"
939505,"Documentos por cobrar descontados"
939510,"Convenios de pago"
939515,"Contratos de construcciones e instalaciones por ejecutar"
939520,"Pedidos colocados"
939525,"Adjudicaciones pendientes de legalizar"
939530,"Reserva articulo 3o. ley 4/80"
939535,"Reserva costo reposicion semovientes"
939599,"Ajustes por inflación"
9399,"Ajustes por inflación patrimonio"
939905,"Capital social"
939910,"Superavit de capital"
939915,"Reservas"
939925,"Dividendos o participaciones decretadas en acciones, cuotas o partes de interes social"
939930,"Resultados de ejercicios anteriores"
94,"Responsabilidades contingentes por contra (DB)"
95,"Acreedoras fiscales por contra (DB)"
96,"Acreedoras de control por contra (DB)"